Intent Name,Trigger Examples,Bot Response
Reduce Plastic Use,How can I reduce plastic use at home?|Tips to avoid plastic|Plastic-free lifestyle ideas,"üõçÔ∏è Try these plastic-reduction habits:
‚Ä¢ Use reusable shopping bags, bottles & containers
‚Ä¢ Avoid single-use plastic cutlery/straws
‚Ä¢ Store food in glass or metal instead of cling wrap
‚Ä¢ Buy in bulk to reduce packaging waste"
Eco-Friendly Travel,What are eco-friendly travel options?|How can I travel green?|Low carbon travel ideas,"üö≤ Sustainable travel tips:
‚Ä¢ Use public transport or shared rides
‚Ä¢ Walk or cycle for short distances
‚Ä¢ Choose trains over flights when possible
‚Ä¢ Stay at eco-certified hotels"
Local Recycling Rules,What are the recycling rules in my area?|How do I recycle properly?|Waste segregation tips,"‚ôªÔ∏è Recycling Basics:
‚Ä¢ Separate dry & wet waste
‚Ä¢ Rinse plastic containers before binning
‚Ä¢ Don't mix e-waste or batteries with regular garbage
‚Ä¢ Check your local municipality app/site for exact rules"
Green Habit Tips,What are some green daily habits?|Eco-friendly routines?|How can I live sustainably?,"üåø Easy daily green habits:
‚Ä¢ Turn off lights/devices when not in use
‚Ä¢ Carry your own water bottle
‚Ä¢ Eat more plant-based meals
‚Ä¢ Compost kitchen scraps
‚Ä¢ Support local and seasonal products"
Suggest Solar Scheme,What are government schemes for solar energy?|Solar energy subsidy India|PM-KUSUM scheme details,"‚òÄÔ∏è Yes! The Indian government offers several schemes to promote solar energy:
‚Ä¢ PM-KUSUM: Solar pumps for farmers
‚Ä¢ Rooftop Solar Program: 40% residential subsidy
‚Ä¢ Solar Park Scheme: For large-scale developers

More at: https://mnre.gov.in"
